Epoch,Iteration,EMFL,FLSH,FLSD,SDPM,FLLF,gpUtility,acqOptimum,inBounds,Elapsed,Score,errorMessage
0,1536,34.1385318673169,5.57972350419778,14.4775050392933,16.3038552899205,24.7864988060435,,FALSE,TRUE,0.277000000000044,-6.06723712011525,
